{
  "recall_at_1": 0.16,
  "recall_at_3": 0.48,
  "recall_at_5": 0.66,
  "recall_at_10": 0.86,
  "mrr": 0.3662142857142857,
  "avg_response_time_ms": 805.233097076416,
  "total_questions": 50,
  "tested_questions": 50
}