{
  "recall_at_1": 0.16,
  "recall_at_3": 0.38,
  "recall_at_5": 0.46,
  "recall_at_10": 0.66,
  "mrr": 0.29024603174603175,
  "avg_response_time_ms": 1023.6123991012573,
  "total_questions": 50,
  "tested_questions": 50,
  "method": "pure_similarity"
}