{
  "recall_at_1": 0.2,
  "recall_at_3": 0.58,
  "recall_at_5": 0.74,
  "recall_at_10": 0.9,
  "mrr": 0.4053809523809524,
  "avg_response_time_s": 5.891800122261047
}