{
  "recall_at_1": 0.16,
  "recall_at_3": 0.48,
  "recall_at_5": 0.68,
  "recall_at_10": 0.8,
  "mrr": 0.3613571428571429,
  "avg_response_time_ms": 994.0277719497681,
  "total_questions": 50,
  "tested_questions": 50,
  "params": {
    "fetch_k": 50,
    "lambda_mult": 0.5
  }
}