{
  "recall_at_1": 0.22,
  "recall_at_3": 0.66,
  "recall_at_5": 0.86,
  "recall_at_10": 0.88,
  "mrr": 0.45366666666666666,
  "avg_response_time_ms": 1631.027398109436,
  "total_questions": 50,
  "tested_questions": 50,
  "errors": 0,
  "method": "query_expansion_v10"
}